time,phase,used,anon,shmem,cached,swap,splitx-control-plane:anon,splitx-control-plane:file,splitx-control-plane:shmem,splitx-worker:anon,splitx-worker:file,splitx-worker:shmem,splitx-worker2:anon,splitx-worker2:file,splitx-worker2:shmem
2026-09-25T04:34:25.173Z,before the cluster,1028,349,48,4142,0,,,,,,,,,
2026-09-25T04:34:35.246Z,k8s:up,1170,357,49,5606,0,,,,,,,,,
2026-09-25T04:34:45.397Z,k8s:up,1468,594,74,6853,0,155,277,9,23,8,8,23,8,8
2026-09-25T04:34:55.515Z,k8s:up,1751,845,74,6857,0,362,281,9,33,8,8,33,8,8
2026-09-25T04:35:05.692Z,k8s:up,1893,1009,76,7386,0,429,459,9,96,187,8,95,187,8
2026-09-25T04:35:15.843Z,k8s:up,2041,1168,76,7537,0,484,610,10,96,187,8,92,187,8
2026-09-25T04:35:26.003Z,k8s:up,2441,1412,76,7611,0,747,631,10,101,187,8,104,223,9
2026-09-25T04:35:36.302Z,k8s:up,2665,1635,77,8262,0,798,662,10,198,362,9,194,733,9
2026-09-25T04:35:46.554Z,k8s:up,2875,1762,78,9859,0,805,663,10,234,794,9,277,1883,9
2026-09-25T04:35:56.710Z,k8s:up,3251,2132,78,9719,0,809,663,10,313,740,10,573,1762,9
2026-09-25T04:36:06.875Z,k8s:up,3441,2307,78,9707,0,935,670,10,385,741,10,578,1741,9
2026-09-25T04:36:17.000Z,k8s:up,3472,2354,78,10089,0,960,988,10,391,741,10,600,1807,9
2026-09-25T04:36:27.128Z,k8s:up,3527,2431,79,10090,0,1008,989,11,414,741,10,603,1807,9
2026-09-25T04:36:37.255Z,k8s:up,3530,2428,79,10172,0,993,991,11,424,741,10,606,1886,9
2026-09-25T04:36:47.376Z,k8s:up,3531,2400,79,10172,0,969,991,11,419,741,10,607,1886,9
2026-09-25T04:36:57.521Z,k8s:up,3587,2483,79,10172,0,971,991,11,438,742,10,609,1886,9
2026-09-25T04:37:07.649Z,k8s:up,3619,2480,79,10313,0,973,992,11,438,742,10,651,2027,9
2026-09-25T04:37:17.794Z,k8s:up,3642,2491,79,10313,0,979,992,11,447,742,10,655,2027,9
2026-09-25T04:37:27.915Z,k8s:up,3660,2516,80,10313,0,978,992,11,458,742,10,660,2027,9
2026-09-25T04:37:38.047Z,k8s:up,3686,2523,80,10313,0,981,992,11,462,742,10,660,2027,9
2026-09-25T04:37:48.186Z,k8s:up,3705,2526,80,10315,0,977,993,11,464,742,10,670,2028,9
2026-09-25T04:37:58.316Z,k8s:up,3829,2611,80,11011,0,981,993,11,475,743,10,725,2727,10
2026-09-25T04:38:08.438Z,k8s:up,3811,2620,80,11011,0,985,993,11,474,743,10,730,2727,10
2026-09-25T04:38:18.766Z,k8s:up,4151,2958,80,10944,0,1255,1003,11,489,743,10,743,2692,10
2026-09-25T04:38:28.903Z,k8s:up,4363,3101,81,10682,0,1230,998,11,509,848,10,876,2906,10
2026-09-25T04:38:39.034Z,k8s:up,4384,3093,81,10684,0,1233,998,11,496,848,10,876,2908,10
2026-09-25T04:38:49.193Z,k8s:up,4459,3152,81,10622,0,1214,998,11,559,983,10,871,2872,10
2026-09-25T04:38:59.338Z,k8s:up,4462,3135,81,10595,0,1257,999,11,574,983,10,895,3010,10
2026-09-25T04:39:09.497Z,k8s:up,4424,3134,81,10591,0,1255,978,11,581,965,10,888,3595,10
2026-09-25T04:39:19.673Z,k8s:up,4499,3132,81,10278,0,1250,971,11,581,946,10,898,3438,10
2026-09-25T04:39:29.826Z,k8s:up,4823,3501,81,10215,0,1243,959,11,567,931,10,1256,3539,10
2026-09-25T04:39:40.219Z,k8s:up,5161,3843,81,9546,0,1293,979,11,602,931,10,1513,3196,10
2026-09-25T04:39:50.558Z,k8s:up,5328,3941,82,8942,0,1336,1265,11,641,1352,10,1530,3297,11
2026-09-25T04:40:00.767Z,k8s:up,5393,4000,97,9169,0,1343,1185,11,667,1567,25,1573,3902,11
2026-09-25T04:40:10.969Z,k8s:up,6291,4896,98,8841,0,1346,1176,11,673,1546,26,2474,3621,11
2026-09-25T04:40:21.164Z,k8s:up,6405,5018,98,8654,0,1355,1167,11,681,1521,26,2587,3554,11
2026-09-25T04:40:31.312Z,k8s:up,6570,5154,98,8561,0,1374,1148,11,682,1496,27,2705,3549,11
2026-09-25T04:40:41.513Z,k8s:up,6658,5234,98,8467,0,1381,1129,11,686,1472,27,2778,3542,11
2026-09-25T04:40:51.775Z,k8s:up,6841,5429,100,8279,0,1553,1095,11,672,1445,28,2802,3501,11
2026-09-25T04:41:01.933Z,delivery,6940,5494,101,8136,0,1543,1049,11,722,1617,28,2807,3379,11
2026-09-25T04:41:12.132Z,delivery,6995,5547,101,8160,0,1544,1050,11,722,1618,29,2870,3401,11
2026-09-25T04:41:22.285Z,delivery,7028,5613,101,8092,0,1544,978,11,742,1995,29,2923,3220,11
2026-09-25T04:41:32.477Z,delivery,7245,5801,101,7891,0,1544,932,11,851,2051,29,2989,3112,11
2026-09-25T04:41:42.699Z,delivery,7330,5860,102,7547,0,1546,912,11,890,1965,29,3029,2961,11
2026-09-25T04:41:52.836Z,delivery,7402,5912,102,7552,0,1545,915,11,960,1966,29,3002,2963,11
2026-09-25T04:42:02.995Z,delivery,7199,5718,101,7555,0,1546,915,11,743,1966,29,3010,2965,11
2026-09-25T04:42:13.123Z,k8s:verify,7195,5725,102,7563,0,1547,916,11,750,1971,30,3020,2966,11
2026-09-25T04:42:23.261Z,k8s:verify,7186,5727,102,7565,0,1547,917,11,752,1971,30,3019,2966,11
2026-09-25T04:42:33.405Z,k8s:verify,7183,5726,102,7466,0,1551,917,11,743,1872,29,3022,2966,11
2026-09-25T04:42:43.541Z,k8s:verify,7194,5729,102,7466,0,1552,917,11,743,1872,29,3024,2966,11
2026-09-25T04:42:53.667Z,k8s:verify,7144,5723,83,7448,0,1553,918,11,725,1854,10,3033,2966,11
2026-09-25T04:43:03.818Z,k8s:verify,7157,5726,83,7449,0,1553,918,11,727,1854,10,3033,2966,11
2026-09-25T04:43:13.947Z,k8s:verify,7156,5726,83,7449,0,1550,918,11,729,1854,10,3036,2966,11
2026-09-25T04:43:24.075Z,k8s:verify,7200,5770,97,7464,0,1551,918,11,740,1869,25,3039,2966,11
2026-09-25T04:43:34.359Z,k8s:verify,7375,5901,98,7466,0,1554,919,11,823,1869,25,3058,2967,11
2026-09-25T04:43:44.511Z,k8s:verify,7409,5937,98,7470,0,1559,920,11,760,1870,25,3050,2969,11
2026-09-25T04:43:54.642Z,k8s:verify,7262,5829,97,7471,0,1558,921,11,749,1871,25,3036,2969,11
2026-09-25T04:44:04.800Z,cd:verify,7258,5812,98,7480,0,1551,921,11,766,1871,25,3068,2974,11
2026-09-25T04:44:14.932Z,cd:verify,7250,5816,98,7484,0,1554,921,11,769,1872,25,3072,2976,11
2026-09-25T04:44:25.063Z,cd:verify,7231,5816,98,7485,0,1558,921,11,773,1873,26,3076,2976,11
2026-09-25T04:44:35.404Z,cd:verify,7394,5980,98,7520,0,1561,921,11,883,1892,26,3108,2992,11
2026-09-25T04:44:45.588Z,cd:verify,7538,6072,99,7604,0,1558,921,11,962,1976,26,3114,2992,11
2026-09-25T04:44:55.723Z,cd:verify,7543,6094,99,7445,0,1565,916,11,939,1937,26,3176,2911,11
2026-09-25T04:45:05.855Z,cd:verify,7532,6096,99,7446,0,1565,916,11,942,1937,26,3174,2911,11
2026-09-25T04:45:15.985Z,cd:verify,7540,6096,99,7446,0,1563,916,11,941,1937,26,3178,2911,11
2026-09-25T04:45:26.124Z,cd:verify,7543,6099,99,7447,0,1567,917,11,941,1937,26,3177,2911,11
2026-09-25T04:45:36.272Z,cd:verify,7552,6106,99,7448,0,1572,917,11,941,1938,26,3179,2911,11
2026-09-25T04:45:46.405Z,cd:verify,7499,6051,99,7448,0,1507,917,11,943,1938,26,3188,2911,11
2026-09-25T04:45:56.542Z,cd:verify,7515,6065,99,7449,0,1507,917,11,950,1938,26,3193,2911,11
2026-09-25T04:46:06.669Z,cd:verify,7501,6038,99,7450,0,1508,917,11,948,1939,26,3168,2911,11
2026-09-25T04:46:16.810Z,cd:verify,7501,6039,99,7450,0,1505,917,11,957,1939,26,3170,2911,11
2026-09-25T04:46:26.947Z,cd:verify,7498,6037,99,7450,0,1506,917,11,949,1939,26,3170,2911,11
2026-09-25T04:46:37.075Z,cd:verify,7505,6041,99,7451,0,1507,917,11,949,1939,26,3172,2912,11
2026-09-25T04:46:47.211Z,cd:verify,7517,6039,99,7451,0,1503,917,11,951,1940,26,3171,2912,11
2026-09-25T04:46:57.355Z,cd:verify,7517,6045,99,7452,0,1505,917,11,954,1940,26,3171,2912,11
2026-09-25T04:47:07.486Z,cd:verify,7518,6049,100,7453,0,1506,917,11,952,1940,26,3173,2912,11
2026-09-25T04:47:17.623Z,cd:verify,7524,6039,108,7462,0,1504,917,11,953,1940,26,3165,2920,19
2026-09-25T04:47:27.751Z,cd:verify,7511,6045,108,7465,0,1506,918,11,955,1944,26,3167,2921,19
2026-09-25T04:47:37.888Z,cd:verify,7335,5856,108,7466,0,1507,918,11,804,1944,26,3101,2920,19
2026-09-25T04:47:48.022Z,cd:verify,7308,5830,108,7466,0,1501,918,11,805,1945,26,3103,2920,19
2026-09-25T04:47:58.151Z,cd:verify,7295,5825,108,7466,0,1504,918,11,807,1945,26,3099,2920,19
2026-09-25T04:48:08.343Z,ops-verify,7381,5892,108,7367,0,1504,918,11,835,1843,26,3138,2920,19
2026-09-25T04:48:18.530Z,ops-verify,7403,5909,108,7369,0,1504,918,11,846,1843,26,3138,2922,19
2026-09-25T04:48:28.755Z,ops-verify,7434,5934,108,7371,0,1508,919,11,872,1844,26,3137,2923,19
2026-09-25T04:48:39.112Z,ops-verify,7773,6230,117,7383,0,1511,904,11,1011,1835,35,3292,2877,19
2026-09-25T04:48:49.506Z,ops-verify,7881,6350,117,7288,0,1506,893,11,1081,1811,35,3337,2833,20
2026-09-25T04:48:59.737Z,ops-verify,8081,6557,117,7021,0,1506,863,11,1209,1756,35,3415,2778,20
2026-09-25T04:49:10.007Z,ops-verify,8121,6558,117,7022,0,1505,863,11,1204,1757,35,3423,2778,20
2026-09-25T04:49:20.255Z,ops-verify,8119,6571,117,6937,0,1503,849,11,1218,1742,35,3437,2746,20
2026-09-25T04:49:30.423Z,ops-verify,8162,6596,117,6939,0,1506,849,11,1232,1742,35,3442,2748,20
2026-09-25T04:49:40.661Z,ops-verify,8233,6682,118,6844,0,1507,835,11,1233,1719,35,3503,2716,20
2026-09-25T04:49:50.961Z,ops-verify,8241,6692,118,6847,0,1505,836,11,1236,1720,35,3524,2716,20
2026-09-25T04:50:01.158Z,ops-verify,8238,6703,118,6848,0,1505,837,11,1235,1721,35,3544,2717,20
2026-09-25T04:50:11.345Z,ops-verify,8228,6698,118,6850,0,1505,837,11,1240,1721,35,3534,2718,20
2026-09-25T04:50:21.572Z,ops-verify,8217,6695,118,6851,0,1503,837,11,1239,1722,35,3531,2718,20
2026-09-25T04:50:31.797Z,ops-verify,8219,6699,118,6853,0,1505,838,11,1235,1722,35,3538,2719,20
2026-09-25T04:50:41.970Z,ops-verify,8222,6707,118,6854,0,1506,838,11,1240,1722,35,3543,2720,20
2026-09-25T04:50:52.539Z,ops-verify,8207,6713,118,6855,0,1508,838,11,1234,1723,35,3543,2720,20
2026-09-25T04:51:02.797Z,ops-verify,8209,6713,118,6857,0,1508,839,11,1248,1723,35,3538,2721,20
